code,name,type,normal_balance,statement_line,parent,summary,control_class,cash_flow,clearing
1000,Assets,Asset,D,Total assets,,true,,,
1100,Cash and Cash Equivalents,Asset,D,Cash and cash equivalents,1000,true,,,
1110,Cash - Operating,Asset,D,Cash and cash equivalents,1100,false,BANK,CASH,
1120,Cash - Savings,Asset,D,Cash and cash equivalents,1100,false,BANK,CASH,
1200,Accounts Receivable,Asset,D,"Accounts receivable, net",1000,false,AR,OPERATING,
1210,Allowance for Doubtful Accounts,Asset,C,"Accounts receivable, net",1000,false,,OPERATING,
1300,Inventory,Asset,D,Inventory,1000,false,,OPERATING,
1400,Prepaid Expenses,Asset,D,Prepaid expenses,1000,false,,OPERATING,
1500,Property and Equipment,Asset,D,"Property and equipment, net",1000,true,,,
1510,Machinery and Equipment,Asset,D,"Property and equipment, net",1500,false,FA_COST,INVESTING,
1520,Vehicles,Asset,D,"Property and equipment, net",1500,false,FA_COST,INVESTING,
1530,Computer Equipment,Asset,D,"Property and equipment, net",1500,false,FA_COST,INVESTING,
1590,Accumulated Depreciation,Asset,C,"Property and equipment, net",1500,false,FA_ACCUM,OPERATING,
2000,Liabilities,Liability,C,Total liabilities,,true,,,
2100,Accounts Payable,Liability,C,Accounts payable,2000,false,AP,OPERATING,
2200,Accrued Liabilities,Liability,C,Accrued liabilities,2000,false,,OPERATING,
2210,Payroll Liabilities,Liability,C,Accrued liabilities,2000,false,,OPERATING,
2300,Sales Tax Payable,Liability,C,Sales tax payable,2000,false,,OPERATING,
2400,Income Tax Payable,Liability,C,Income tax payable,2000,false,,OPERATING,
2500,Line of Credit,Liability,C,Line of credit,2000,false,,FINANCING,
2600,Notes Payable,Liability,C,Notes payable,2000,false,,FINANCING,
2900,Suspense,Liability,C,Accrued liabilities,2000,false,,OPERATING,true
3000,Equity,Equity,C,Total equity,,true,,,
3100,Common Stock,Equity,C,Common stock,3000,false,,FINANCING,
3200,Additional Paid-in Capital,Equity,C,Additional paid-in capital,3000,false,,FINANCING,
3300,Retained Earnings,Equity,C,Retained earnings,3000,false,,,
4000,Revenue,Revenue,C,Revenue,,true,,,
4100,Product Sales,Revenue,C,Revenue,4000,false,,OPERATING,
4200,Service Revenue,Revenue,C,Revenue,4000,false,,OPERATING,
4900,Sales Returns and Allowances,Revenue,D,Revenue,4000,false,,OPERATING,
5000,Cost of Goods Sold,Expense,D,Cost of goods sold,,false,,OPERATING,
6000,Operating Expenses,Expense,D,Operating expenses,,true,,,
6100,Salaries and Wages,Expense,D,Operating expenses,6000,false,,OPERATING,
6150,Payroll Taxes,Expense,D,Operating expenses,6000,false,,OPERATING,
6200,Rent,Expense,D,Operating expenses,6000,false,,OPERATING,
6300,Utilities,Expense,D,Operating expenses,6000,false,,OPERATING,
6400,Professional Fees,Expense,D,Operating expenses,6000,false,,OPERATING,
6500,Software Subscriptions,Expense,D,Operating expenses,6000,false,,OPERATING,
6600,Insurance,Expense,D,Operating expenses,6000,false,,OPERATING,
6700,Depreciation Expense,Expense,D,Operating expenses,6000,false,,OPERATING,
6800,Bank Fees,Expense,D,Operating expenses,6000,false,,OPERATING,
6900,Office Supplies,Expense,D,Operating expenses,6000,false,,OPERATING,
7000,Other Income and Expense,Other,D,"Other income (expense), net",,true,,,
7100,Interest Expense,Other,D,"Other income (expense), net",7000,false,,OPERATING,
7200,Realized Foreign Exchange (Gain) Loss,Other,D,"Other income (expense), net",7000,false,,OPERATING,
7210,Unrealized Foreign Exchange (Gain) Loss,Other,D,"Other income (expense), net",7000,false,,,
7300,Interest Income,Other,C,"Other income (expense), net",7000,false,,OPERATING,
8000,Income Tax Expense,Tax,D,Income tax expense,,false,,OPERATING,
